[
    {
    "postal_code": "M1B"
    },
    {
    "postal_code": "M1C"
    },
    {
    "postal_code": "M1E"
    },
    {
    "postal_code": "M1G"
    },
    {
    "postal_code": "M1H"
    },
    {
    "postal_code": "M1J"
    },
    {
    "postal_code": "M1K"
    },
    {
    "postal_code": "M1L"
    },
    {
    "postal_code": "M1M"
    },
    {
    "postal_code": "M1N"
    },
    {
    "postal_code": "M1P"
    },
    {
    "postal_code": "M1R"
    },
    {
    "postal_code": "M1S"
    },
    {
    "postal_code": "M1T"
    },
    {
    "postal_code": "M1V"
    },
    {
    "postal_code": "M1W"
    },
    {
    "postal_code": "M1X"
    },
    {
    "postal_code": "M2H"
    },
    {
    "postal_code": "M2J"
    },
    {
    "postal_code": "M2K"
    },
    {
    "postal_code": "M2L"
    },
    {
    "postal_code": "M2M"
    },
    {
    "postal_code": "M2N"
    },
    {
    "postal_code": "M2P"
    },
    {
    "postal_code": "M2R"
    },
    {
    "postal_code": "M3A"
    },
    {
    "postal_code": "M3B"
    },
    {
    "postal_code": "M3C"
    },
    {
    "postal_code": "M3H"
    },
    {
    "postal_code": "M3J"
    },
    {
    "postal_code": "M3K"
    },
    {
    "postal_code": "M3L"
    },
    {
    "postal_code": "M3M"
    },
    {
    "postal_code": "M3N"
    },
    {
    "postal_code": "M4A"
    },
    {
    "postal_code": "M4B"
    },
    {
    "postal_code": "M4C"
    },
    {
    "postal_code": "M4E"
    },
    {
    "postal_code": "M4G"
    },
    {
    "postal_code": "M4H"
    },
    {
    "postal_code": "M4J"
    },
    {
    "postal_code": "M4K"
    },
    {
    "postal_code": "M4L"
    },
    {
    "postal_code": "M4M"
    },
    {
    "postal_code": "M4N"
    },
    {
    "postal_code": "M4P"
    },
    {
    "postal_code": "M4R"
    },
    {
    "postal_code": "M4S"
    },
    {
    "postal_code": "M4T"
    },
    {
    "postal_code": "M4V"
    },
    {
    "postal_code": "M4W"
    },
    {
    "postal_code": "M4X"
    },
    {
    "postal_code": "M4Y"
    },
    {
    "postal_code": "M5A"
    },
    {
    "postal_code": "M5B"
    },
    {
    "postal_code": "M5C"
    },
    {
    "postal_code": "M5E"
    },
    {
    "postal_code": "M5G"
    },
    {
    "postal_code": "M5H"
    },
    {
    "postal_code": "M5J"
    },
    {
    "postal_code": "M5K"
    },
    {
    "postal_code": "M5L"
    },
    {
    "postal_code": "M5M"
    },
    {
    "postal_code": "M5N"
    },
    {
    "postal_code": "M5P"
    },
    {
    "postal_code": "M5R"
    },
    {
    "postal_code": "M5S"
    },
    {
    "postal_code": "M5T"
    },
    {
    "postal_code": "M5V"
    },
    {
    "postal_code": "M5W"
    },
    {
    "postal_code": "M5X"
    },
    {
    "postal_code": "M6A"
    },
    {
    "postal_code": "M6B"
    },
    {
    "postal_code": "M6C"
    },
    {
    "postal_code": "M6E"
    },
    {
    "postal_code": "M6G"
    },
    {
    "postal_code": "M6H"
    },
    {
    "postal_code": "M6J"
    },
    {
    "postal_code": "M6K"
    },
    {
    "postal_code": "M6L"
    },
    {
    "postal_code": "M6M"
    },
    {
    "postal_code": "M6N"
    },
    {
    "postal_code": "M6P"
    },
    {
    "postal_code": "M6R"
    },
    {
    "postal_code": "M6S"
    },
    {
    "postal_code": "M7A"
    },
    {
    "postal_code": "M7R"
    },
    {
    "postal_code": "M7Y"
    },
    {
    "postal_code": "M8V"
    },
    {
    "postal_code": "M8W"
    },
    {
    "postal_code": "M8X"
    },
    {
    "postal_code": "M8Y"
    },
    {
    "postal_code": "M8Z"
    },
    {
    "postal_code": "M9A"
    },
    {
    "postal_code": "M9B"
    },
    {
    "postal_code": "M9C"
    },
    {
    "postal_code": "M9L"
    },
    {
    "postal_code": "M9M"
    },
    {
    "postal_code": "M9N"
    },
    {
    "postal_code": "M9P"
    },
    {
    "postal_code": "M9R"
    },
    {
    "postal_code": "M9V"
    },
    {
    "postal_code": "M9W"
    }
    ]