{
  "zipcode": 33133,
  "products": [
    {
      "sku": "71036",
      "price": "3499.99"
    },
    {
      "sku": "69200",
      "price": "7549.99"
    },
    {
      "sku": "71060",
      "price": "3999.99"
    },
    {
      "sku": "67275",
      "price": "2199.99"
    },
    {
      "sku": "68927",
      "price": "6499.99"
    },
    {
      "sku": "69007",
      "price": "6999.99"
    },
    {
      "sku": "69209",
      "price": "7499.99"
    },
    {
      "sku": "67260",
      "price": "3199.99"
    },
    {
      "sku": "68500",
      "price": "3499.99"
    },
    {
      "sku": "67631",
      "price": "999.99"
    },
    {
      "sku": "69289",
      "price": "8049.99"
    },
    {
      "sku": "70202",
      "price": "1049.99"
    },
    {
      "sku": "68580",
      "price": "4099.99"
    },
    {
      "sku": "70002",
      "price": "1199.99"
    },
    {
      "sku": "65284",
      "price": "1999.99"
    },
    {
      "sku": "65106",
      "price": "1699.99"
    },
    {
      "sku": "65084",
      "price": "2499.99"
    },
    {
      "sku": "67581",
      "price": "2829.99"
    },
    {
      "sku": "67577",
      "price": "2249.99"
    },
    {
      "sku": "66337",
      "price": "4139.99"
    },
    {
      "sku": "66307",
      "price": "3199.99"
    },
    {
      "sku": "66564",
      "price": "3929.99"
    },
    {
      "sku": "66534",
      "price": "3019.99"
    },
    {
      "sku": "67610",
      "price": "2119.99"
    }
  ]
}